,stock
0,BLF
1,KHP
2,PIT
3,PHP
4,BVH
5,PIC
6,NCS
7,NNC
8,PFL
9,SVT
10,STK
11,SVC
12,QBS
13,DZM
14,FCM
15,VEF
16,TIP
17,FTS
18,VQC
19,TIG
20,DAP
21,S4A
22,TDW
23,DAG
24,HVT
25,SB1
26,MDC
27,ASP
28,HMH
29,HND
30,VE1
31,VID
32,VIS
33,HCC
34,PDR
35,BTV
36,NTL
37,RDP
38,BMC
39,PSL
40,LM8
41,BTT
42,BTC
43,PET
44,NOS
45,QNS
46,HAI
47,VE3
48,HNF
49,VEE
50,CII
51,API
52,THW
53,VSH
54,VPS
55,DCL
56,CDN
57,TEG
58,TDC
59,DAD
60,DAE
61,SBD
62,CDO
63,SBS
64,HVA
65,DCM
66,MHC
67,TIE
68,VPR
69,V21
70,DXG
71,HNP
72,VE2
73,VES
74,HNG
75,VHC
76,VIG
77,HBS
78,HAH
79,TPP
80,HBD
81,GGG
82,WCS
83,PIA
84,BTB
85,PIV
86,GIL
87,NBB
88,PHR
89,IPA
90,EIN
91,LCD
92,L45
93,LO5
94,KHA
95,BVN
96,PDB
97,KSK
98,PEQ
99,VHG
100,HCD
101,HNT
102,AGR
103,S96
105,DNY
106,VPA
107,CKD
108,S55
109,CEO
110,OPC
111,CGP
112,MIC
113,SAM
114,TET
115,HTL
116,SBA
117,SMN
118,THS
119,DMC
120,ASA
121,DLG
122,HNB
123,VHF
124,CSC
125,DTA
126,KPF
127,PDC
128,BTP
129,NBP
130,IDV
131,NCT
132,NVB
133,ISH
134,REE
135,KDC
136,LBE
137,GSP
138,BMP
139,KHB
140,NBR
141,KSH
142,DTC
143,ST8
144,CSV
145,DTT
146,SZE
147,AGF
148,CJC
149,VSN
150,DNM
151,DLR
152,SBT
153,HVG
154,TDS
155,DAT
156,DAC
157,MDF
158,DNL
159,THG
160,DXV
161,MPT
162,SWC
163,QNC
164,NNG
165,NMK
166,BTS
167,BTD
168,KIP
169,PSI
170,PPE
171,BII
172,ELC
173,EMG
174,PVB
175,PXI
176,YRC
177,UDC
178,NDC
179,BSP
180,BSG
181,PND
182,PCT
183,PBP
184,DPM
185,CTT
186,QHD
187,VNB
188,AMC
189,CTC
190,TXM
191,VCR
192,VC3
193,ONW
194,CMV
195,VTL
196,TLH
197,TBT
198,SD3
199,TA9
200,TBC
201,SDE
202,SEA
203,SD2
204,SGH
205,SIC
206,TNA
207,SHP
208,AAA
209,HHG
210,CTB
211,HD2
212,VNC
213,VNT
214,KVC
215,GMD
216,KCB
217,PVT
218,PTK
219,BHN
220,GTS
221,PTI
222,PVA
223,POT
224,NHC
225,TV3
226,SPC
227,MBB
228,VTO
229,CNN
230,VTX
231,TMX
232,TNC
233,SFN
234,CAV
235,SEB
236,HPT
237,S27
238,SDP
239,TNB
240,CMC
241,MCP
242,CLG
243,SHS
244,VBC
245,HHS
246,VCG
247,VC1
248,SPB
249,CTA
250,TVS
251,AMV
252,HEC
253,SSN
254,HDG
255,VOS
256,GAS
257,PMJ
258,ICC
259,RCC
260,BKC
261,PTH
262,PVD
263,LDP
264,GTA
265,PVS
266,KCE
267,ROS
268,BEL
269,GMC
270,KTL
271,DRC
272,VND
273,AME
274,TTH
275,ALV
276,HDC
277,VNS
278,VCC
279,MVB
280,VC5
281,HID
282,SID
283,ATG
284,CMG
285,MBG
286,MCC
287,DHM
288,CAD
289,SDC
290,CCL
291,SDT
292,SD5
293,DDN
294,HQC
295,DGT
296,SD4
297,SDU
298,HPG
299,TC6
300,SDB
301,DGC
302,HPP
303,TNP
304,TNG
305,CMF
306,SHA
307,HHA
308,CYC
309,VCB
310,SPP
311,VNR
312,CTS
313,TW3
314,AMD
315,VNE
316,SQC
317,NHP
318,PNT
319,ND2
320,PNC
321,UIC
322,PVE
323,PVG
324,PVP
325,RCD
326,PXL
327,ECI
328,RAL
329,NDF
330,INC
331,HES
332,VOC
333,VNP
334,HIG
335,ONE
336,ACM
337,VCW
338,VC6
339,CLW
340,VTI
341,HSI
342,SD6
343,DDM
344,CAP
345,TCT
346,SFI
347,SD7
348,D11
349,VWS
350,VTH
351,COM
352,TNS
353,TND
354,VC7
355,ACL
356,VCA
357,MTH
358,X77
359,HDA
360,ALT
361,CTP
362,TV4
363,AMP
364,HGM
365,TVB
366,VNF
367,SPD
368,IN4
369,NET
370,BSC
371,NDP
372,IVS
373,GTT
374,KBC
375,GTN
376,PTT
377,PTC
378,ITA
379,NSC
380,BDG
381,NST
382,DPS
383,VLC
384,ACV
385,VBH
386,FDC
387,QSP
388,MAS
389,SHX
390,C47
391,TAG
392,TCO
393,DHC
394,SHN
395,DHT
396,CMI
397,TMS
398,TYA
399,HDM
400,TTF
401,VLB
402,TVN
403,SPH
404,KTB
405,BPC
406,PXA
407,PTB
408,KAC
409,L14
410,BHP
411,BIC
412,WSB
413,KLF
414,PMB
415,GMX
416,VNH
417,VMS
418,CTI
419,VMD
420,TTD
421,SRB
422,DQC
423,HDO
424,VCX
425,SJS
426,TL4
427,MCO
428,CNG
429,DHA
430,C92
431,CLX
432,SGT
433,S12
434,SD9
435,SFG
436,SD8
437,HRT
438,HSG
439,D2D
440,SDN
441,SJE
442,DID
443,VTG
444,VT1
445,TMP
446,MTP
447,MTG
448,VLA
449,SRC
450,SRT
451,VNI
452,NKG
453,PMC
454,KMT
455,ITC
456,PVI
457,PTE
458,GTH
459,PVM
460,NS3
461,PLC
462,ICN
463,IME
464,VMA
465,OCH
466,ABC
467,ABT
468,AVF
469,VTC
470,TLG
471,SHI
472,HST
473,SDJ
474,TCH
475,SGP
476,SFC
477,MLS
478,MAC
479,VTB
480,TMB
481,VAT
482,CX8
483,VNL
484,HFC
485,SRF
486,KTS
487,PNJ
488,BSI
489,UPH
490,ITQ
491,BED
492,NS2
493,PVL
494,LGC
495,BHC
496,PTD
497,WSS
498,L10
499,ITS
500,BDB
501,ITD
502,EBS
503,PMS
504,NDX
505,LSS
506,VLF
507,HEM
508,ANT
509,DIC
510,DHG
511,TMW
512,DHP
513,TAC
514,TBX
515,CAN
516,CCP
517,SGD
518,VXB
519,TNM
520,QST
521,VTV
522,CLH
523,SKG
524,SJC
525,AAM
526,MTA
527,FDG
528,SPM
529,CTN
530,DRH
531,TUG
532,VMC
533,TTC
534,VLG
535,PCN
536,IMP
537,POM
538,NSG
539,RCL
540,PXS
541,KMR
542,PVO
543,BID
544,L62
545,PSD
546,KDM
547,BBS
548,NT2
549,NVL
550,GHC
551,KSD
552,TRS
553,HAC
554,DVP
555,VHH
556,CSM
557,HAT
558,STB
559,HLD
560,VGP
561,VE9
562,FTM
563,SLS
564,S99
565,APC
566,SAC
567,DBC
568,HU1
569,TDH
570,TIX
571,VST
572,DNW
573,HLR
574,VE8
575,AFX
576,ADP
577,MSC
578,STC
579,X18
580,STT
581,G20
582,NAS
583,LM3
584,KKC
585,LAF
586,L63
587,L61
588,PSP
589,PRC
590,LAS
591,EFI
592,NTP
593,IFS
594,GDT
595,G36
596,TST
597,VKP
598,SVI
599,STV
600,DTL
601,TSC
602,VIX
603,HLG
604,HMC
605,V15
606,SMT
607,SMC
608,VSA
609,QTC
610,SBL
611,CEC
612,C32
613,HU3
614,TFC
615,SAV
616,TGP
617,ASM
618,ADS
619,TSB
620,CPC
621,HCI
622,PGC
623,BXH
624,NAG
625,LCM
626,BMI
627,LBM
628,EIC
629,PSB
630,PPY
631,BLI
632,NTB
633,IDI
634,KSB
635,HAR
636,OGC
637,DOC
638,DNP
639,ARM
640,SCL
641,HTR
642,CID
643,HMG
644,HLC
645,V11
646,HAS
647,IJC
648,IHK
649,KST
650,PKR
651,BBC
652,KDH
653,IST
654,LM7
655,BCE
656,NUE
657,IDJ
658,PGD
659,KSV
660,LTC
661,NLG
662,STG
663,TRA
664,STP
665,AGX
666,ADC
667,HOM
668,SZL
669,DND
670,TKC
671,DNS
672,HUT
673,SAF
674,HTP
675,HT1
676,HVX
677,DCT
678,DC4
679,MHL
680,HU4
681,MGC
682,APG
683,XHC
684,V12
685,VFG
686,VHL
687,DTK
688,HAG
689,DVC
690,HAP
691,NAV
692,BWA
693,NTW
694,GSM
